,,,,,,
číslo karty,"Emócia, ktorú zažívam","Situácia, ktorá sa mi deje?",,,Zmysel emócie,
1,Sklamanie,Moje očakávania neboli naplnené.,Niekto alebo niečo ma zradilo.,"Moja snaha nevyšla tak, ako som predpokladal/a.","Informuje ma, že moje predstavy o tom, ako život pôjde a ako ide, nie sú v súlade.",
2,Odpor,"Niečo mi prekáža, stojí v ceste.",Niekto alebo niečo ma obmedzuje alebo mi ubližuje.,"Nemám chuť pokračovať, mám výhrady.","Rozpoznať, kedy mi je niečo odporné",
3,Apatia,"Nič ma nezaujíma, nič ma nebaví.",Môj život je dlhodobo stereotypný a nevidím žiadne východisko.,"Je mi jedno, ako to bude.",Nemíňať emocionálnu energiu,
4,Frustrácia,Moje snahy dosiahnuť cieľ boli zmarené.,Nechápu ma. Moje názory nie sú akceptované.,"Mám potrebu vybojovať si to, čo už malo byť.","Vedieť, kedy som dosiahol/ dosiahla svoj limit a potrebujem zmenu",
5,Depresia,Dlhodobo zažívam nepriaznivú situáciu ,"Som sám/ sama. Nemám blízkych ľudí, priateľov alebo rodinu.",Nemám dosť  schopností a síl. Zlyhal/a som v živote a nevidím východisko.,"Zastaviť sa a pouvažovať, kde by som mohol/ mohla nájsť nádej a energiu.",
6,Ľahostajnosť,Je mi to jedno a netýka sa ma to.,"Stratil/a som záujem o niečo, čo sa mi predtým páčilo alebo čo som mal rád/mala rada.","Niečo nie je moja vec, aj tak to neviem zmeniť.","Podriadiť sa vedeniu iných ľudí alebo nechať prebiehať situácie, ktoré nie sú pre mňa obzvlášť dôležité",
7,Mrzutosť,"Narazil/a som na problém, s ktorým neviem pohnúť.","Systém ma šikanuje, diskriminuje.","Nenaplnil/a som svoje ambície alebo sny, lebo som sa v minulosti zle rozhodol/la.","Vidieť, čo mi bráni byť v stave plynutia (flow)",
8,Hrôza,"Som paralyzovaný/á. Nezvládam to, čo som stratil/a alebo môžem stratiť.","Mám vážne problémy, ktoré sa nedajú zvrátiť. ",Mne alebo mojim blízkym sa stala obrovská tragédia ,"Uvádza ma do stavu pohotovosti voči tomu, čo ma môže zničiť alebo vážne poškodiť",
9,Vyčerpanie,Som pracovne preťažený/á. Moje pracovné dni sú dlhé.,Musím uprednostniť starostlivosť o niekoho druhého a nemám dosť času na oddych.,Som unavený/á. Už nevládzem.,"Vedieť, kedy som dosiahol/la limit svojej energie.",
10,Clivota,"Som osamelý/á, chýba mi niekto blízky.","Chýba mi niečo z minulosti, čo už nie je.","Túžim po niečom, čo nemám.","Ukazuje, čo z minulosti som považoval/a za dobré",
11,Strach,"Niečo alebo niekto ma ohrozuje, som v nebezpečenstve.","Čelím novej situácii, ktorá je pre mňa neznáma.","Bojím sa o budúcnosť. Neviem, čo bude.","Vedieť konkrétne, o čom som presvedčený/á, že mi ublíži",
12,Neistota,"Čelím neznámej situácii a neviem, čo môžem očakávať","Mám pocit, že niečo neovládam alebo nemám dosť skúseností.","Nie je mi jasné, čo vlastne chcem.",Počkať na ujasnenie,
13,Zmätenosť,Mám nejasné alebo protichodné informácie.,Nedokážem sa v niečom alebo niekde zorientovať. Nerozumiem tomu.,Nevyznám sa v sebe alebo okolí.,"Pomáha mi rozpoznať informácie, vďaka ktorým lepšie porozumiem.",
14,Stres,"Mám príliš veľa záväzkov, som v neustálom zhone.",Ja alebo niekto iný na mňa kladie príliš vysoké nároky.,Dostal/a som sa do neočakávanej situácie.,"Stres nie je emócia, ale telesný vnem napätosti. Emócie pri tom sú úzkosť, strach a vyčerpanie.",
15,Bezmocnosť,"Som odkázaný/á na pomoc iných ľudí, nie som schopný/á si pomôcť sám/sama. ","Stratil/a som kontrolu alebo moc a neviem, ako ju získať späť.","Som v konfrontácii s autoritou alebo ľuďmi, ktorí majú väčšiu moc ako ja.","Umožňuje mi prijímať pomoc, keď nie som schopný/á nič urobiť.",
16,Pochybnosť,"Neverím si, že na niečo mám, že niečo dokážem. ",Chýbajú mi informácie alebo sú nejasné.,"Nepoznám úplnú pravdu, mám len čiastkové informácie. Váham","Upozorňuje ma, že som na novom území, privoláva moju pozornosť k príprave",
17,Úzkosť,"Zažívam ťaživú situáciu, nad ktorou nemám kontrolu.","Bojím sa niečoho v budúcnosti, ale neviem, čo to je. Mám obavy.",Nedokážem naplniť očakávania. Je toho na mňa veľa a bojím sa zlyhania.,Upozorňuje ma na možné nebezpečenstvo v budúcnosti,
18,Beznádej,Vzdávam sa.,"Stratil/a som niečo, čo mi bolo drahé.","Dlhodobo som v nepriaznivej situácii a neviem to ovplyvniť. Neviem, čo mám robiť.","Rozpoznať, že nič, čo budem robiť, nespôsobí zmenu, a vzdať sa - ??? Nem értem",
19,Bojazlivosť,Čelím neznémej situácii.,Bojím sa zlyhania alebo odmietnutia.,Moja činnosť môže negatívne ovplyvniť mňa alebo niekoho druhého. Radšej sa nebudem prejavovať alebo zapájať.,Umožňuje mi pozorovať z odstupu mieru nebezpečenstva,
20,Smútok,"Prišiel/prišla som o niečo, na čom mi záležalo. Nechce sa mi nič robiť.","Nie som v rovnováhe, nemám energiu.",Potrebujem sa utiahnuť a dopriať si chvíľku pre seba a svoj smútok,"Vedieť, na čom mi v živote záleží",
21,Rezignácia,Moje ciele nie sú v súlade s realitou.,Mám dlhodobý problém a nevidím východisko.,"Snažil/a som sa niečo dosiahnuť, ale výsledok sa nedostavil. Nemá zmysel snažiť sa ďalej.",Stiahnuť sa z interakcie,
22,Nerozhodnosť ,Neviem sa rozhodnúť alebo mám príliš veľa možností na výber.,"Prehodnocujem, čo je skutočne dôležité a v súlade s mojimi hodnotami.",Bojím sa dôsledkov zlej voľby.,"Zvažovať možnosti, skúmať rôzne príležitosť",
23,Ľútosť,Urobil/a som zlé rozhodnutie alebo som konal/a nesprávne a už nie je možné vrátiť to.,Sebe alebo niekomu druhému som ublížil/a.,Premárnil/a som dôležitú príležitosť.,"Reflektovať rozhodnutia, ktoré som spravil/a, a použiť ich ako poučenie do budúcna.",
24,Vina,"Neurobil/a som niečo, za čo som bol/a zodpovedný/á.","Robím veci, ktoré si neźelám a sú proti mojim presvedčeniam.",Moje konanie niekomu ublížilo.,Poznať svoje hodnoty a kedy som ich zradil/a. ,
25,Arogancia,"Myslím si, že ostatní ľudia sú menej inteligentní, schopní, či dôležití ako ja.",Som lepší/lepšia ako ostatní. Mám viac schopností. ,Na niekoho sa dívam zhora alebo niekoho podceňujem.,"Správať sa, ako keby som bol/a morálne nadradený voči ostatným",
26,Žiaľ,"Navždy som stratil niekoho alebo niečo, čo mi bolo veľmi blízke.",Rozpadol sa mi vzťah s blízkym človekom.,"Súcitím s niekým v ťažkej situácii, ktorá sa ma dotýka.","Nájsť význam alebo uvedomiť si hodnotu toho, čo mi spôsobilo žiaľ a zotaviť sa z vážnej situácie",
27,Hnev,"Stala sa nespravodlivosť, niekoho treba potrestať.",Niekto nesplnil moje zadania alebo nedodržal dohodu.,"Niečo sa mi nepodarilo aj napriek tomu, že som to mohol/mohla zvládnuť.",Vytvoriť a udržať spravodlivosť na svete,
28,Lenivosť,Nemám chuť alebo energiu niečo robiť.,"Nejaká činnosť pre mňa nie je zaujímavá, neprináša mi radosť.",Som rád/rada vo svojej komfortnej zóne a nemám motiváciu z nej vyjsť.,Odpočívať a hľadať motiváciu.,
29,Únava,"Mám toho príliš veľa na svojich pleciach, som preťažený/á.",Všetko musím robiť sám/sama. Nemá mi s tým kto pomôcť.,Som vyčerpaný/á. Už ďalej nevládzem.,Umožňuje mi vidieť hranice svojej energie,
30,Rozhorčenie,"Obvinili ma z niečoho, čo som neurobil/a alebo s čím nemám nič spoločné.",Stala sa mi krivda. Zradili ma alebo ma oklamali. Neprajem si určité zaobchádzanie. ,Konanie niektorých ľudí je v rozpore s mojimi hodnotami alebo presvedčeniami.,"Postarať sa o seba, chrániť svoje hranice a udržať si sebaúctu",
,,,,,,
,"Emócia, ktorú chcem cítiť","Čo potrebujem urobiť, aby som zažíval/a túto emóciu?",,,Zmysel emócie,"TIP: Daj si záväzok, čo z toho vieš urobiť už teraz alebo čo najskôr"
31,Blaženosť,"Viac oddychovať, ísť do prírody, spojiť sa so svojím vnútrom.","Dokončiť niečo, čo si začal/a alebo si splniť úlohu či povinnosť.","Venovať čas svojim záľubám alebo veciam, na ktorých ti záleží.",Ukazuje mi zdroje môjho naplnenia,
32,Ambícia,Stanoviť si dosiahnuteľný a reálny cieľ.,"Zlepšiť si svoju zručnosť, talent alebo postavenie v spoločnosti.","Stanoviť si novú pracovnú, študijnú alebo osobnú výzvu.",Angažovať sa vo svete a vyhľadávať nové možnosti,
33,Empatia, Vypočuť si niekoho a venovať im pozornosť.,Vyjadriť porozumenie.,Ponúknuť niekomu pomoc či podporu.,"Pomáha mi porozumieť, aké emócie prežívajú druhí ľudia",
34,Radosť,Dopriať si hravý zážitok alebo oslavu.,"Venovať sa svojím obľúbeným činnostiam, športom alebo záľubám.","Venovať viac času sebe, blízkym ľuďom alebo pre seba či blízkych urobiť niečo dobré.","Cítiť dobrotu, pôžitok",
35,Hrdosť,"Vytvoriť si zoznam úspechov, ktoré sa ti už podarilo dosiahnuť. Oceniť sa.",Odhodlať sa čeliť výzvam a uvedomiť si svoje kvality a schopnosti.,Oceniť niekoho blízkeho za jeho úspech.,"Schopnosť uznať výdobytok alebo zisk toho, o čo som sa usiloval/a.",
36,Pokora,"Učiť sa niečo nové,  prijať, že s tým ešte nemám veľa skúseností.",Zamyslieť sa: Čo si na sebe vážiš a čo ešte potrebuješ prijať?,Uznať svoje kvality a vlastnosti a nič nepredstierať.,Zosúladiť sa s realitou svojich schopností a sily,
37,Šťastie,"Spomenúť si, čo všetko sa ti už v živote podarilo.","Byť spokojný/á so životom tak, ako je. Tešiť sa z prítomnej chvíle.","Nájsť alebo uvedomiť si, čo ťa robí šťastným/šťastnou a dopriať si to.","Vedieť, čo je podľa mňa v živote dobré alebo príjemné",
38,Odpustenie,"Uzatvoriť minulosť, aj keď ti spôsobila bolesť. Neprenášať dôsledky minulého konania do budúcnosti.","Prijať to, čo si v minulosti spôsobil/a.","Prijať to, čo ti niekto iný spôsobil v minulosti a ublížilo ti to. ","Vyhlásiť minulosť za uzavretú, keď sa budeme stýkať aj v budúcnosti",
39,Sebaistota,"Prezentovať svoju zručnosť v oblasti, ktorá ťa zaujíma a ktorú ovládaš.","Urob niečo, o čom si presvedčený/á, že bude úspešné.",Realizovať svoj plán bez obáv.,"Pomáha mi interagovať so svetom, s druhými ľuďmi, so sebou",
40,Zvedavosť,Experimentovať a objavovať.,Vyhľadávať alebo učiť sa niečo nové.,Objavovať o niekom alebo o sebe niečo nové.,"Porozumieť svojim zážitkom, aby som sa niečo naučil/a",
41,Statočnosť,"Využiť svoje zdroje a silné stránky, vďaka ktorým môžeš čeliť prekážkam.",Dôkladne sa na niečo pripraviť alebo si vytvoriť plán a držať sa ho. ,"Zrealizovať niečo, pred čím máš rešpekt.","Umožňuje mi hýbať sa dopredu, hoci mám pochybnosti, alebo je to pre mňa výzva",
42,Vzrušenie,"Robiť niečo, čo ti dáva energiu.","Robiť alebo si naplánovať niečo nezvyčajné, čo chceš uskutočniť.","Začať nový projekt alebo urobiť niečo nové, čo si ešte nerobil/a.","Vedieť, čo mi v živote dáva energiu",
43,Vďačnosť,"Uvedomiť si, za čo som dnes vďačný/á.",Vyjadriť vďaku ľuďom vôkol alebo niekoho obdarovať.,Vytvoriť si denník vďačnosti.,Vidieť celý život ako dar,
44,Dôvera,"Spolupracovať s niekým, na koho sa môžeš spoľahnúť.","Zopakovať si skúsenosť, ktorá sa ti páčila a veríš, že sa ti bude páčiť opäť.","Dôverovať svojej ceste, systému, komunite.","Schopnosť interagovať so svetom, s ostatnými ľuďmi alebo so sebou",
45,Ľahkosť,"Zbaviť sa toho, čo ťa zaťažuje.","Venovať sa relaxácii, meditácii alebo starostlivosti o svoje telo.","Venovať sa aktivite, ktorá ti prináša radosť.","Hovorí mi, na ktoré aktivity mám schopnosti a robím ich bez veľkej námahy",
46,Hojnosť,"Uvedomiť si, v ktorých oblastiach života sa ti dostáva hojnosti.",Dopriať si niečo.,"Podeliť sa s inými o niečo, čoho máš nadbytok.","Chápať, aký hojný život môže byť",
47,Odvaha,"Urobiť niečo, v čom sa necítiš komfortne. ","Konať aktívne v situácii, v ktorej cítiš strach.","Naplánovať si niečo, čo si doteraz ešte neurobil/a.",Dovoľuje mi konať v prítomnosti strachu,
48,Nádej,"Uveriť, že situácia, v ktorej sa nachádzaš, sa dobre skončí.",Všímať si vo svete to dobré.,"Nájsť podporu u niekoho, kto verí v pozitívnu budúcnosť.","Umožňuje mi vidieť, v čo verím ohľadom toho, ako bude vyzerať budúcnosť",
49,Harmónia,Naplniť svoje potreby.,Dostať sa do súladu so sebou a svojím okolím. Napojiť sa na seba a ukotvi sa vo svojom strede.,"Venovať sa činnostiam, ktoré ťa harmonizujú.","Umožňuje mi byť v rovnováhe bez ohľadu na to, čo sa deje okolo. ",
50,Vytrvalosť,"Uvedomiť si, akú cestu už máš za sebou a pokračovať v nej.",Naplánovať si dlhodobý cieľ.,"Nájsť si vzor alebo niekoho, kto ti pomôže vydržať.",Posúvať sa dopredu napriek prekážkam,
51,Rešpekt,Uvedomiť si  akú máš o sebe mienku a za čo si zaslúžiš úctu.,"Uvedomiť si, čo považuješ za hodné rešpektu.",Premyslieť si o kom máš vysokú mienku.,"Vedieť, ktoré veci alebo ktorí ľudia sú podľa mňa legitímni a hodnotní",
52,Eufória,"Uvedomiť si, aký vrcholový zážitok v tebe vyvoláva výnimočnú pohodu.",Dopriať si výnimočný zážitok.,"Začleniť do svojho života rituál alebo zvyk, ktorý v tebe vyvoláva výnimočnú pohodu a radosť.",Pomáha mi pochopiť silu prežívania pozitívneho zážitku.,
53,Akceptácia,"Pozrieť sa na svoje okolnosti tak, ako sú a neklásť voči nim odpor.","Povedať nahlas: ""Už je to raz tak,"" a otvoriť sa novému smerovaniu.","Uznať svoj život, taký aký je.","Schopnosť vyrovnať sa s faktami okolo mňa, odpočívať v mieri a zostať v pokoji",
54,Láska,Vyjadrovať niekomu svoju lásku.,"Všímať si, kde sa cítiš byť milovaný/á.","Obklop sa spoločnosťou ľudí, ktorých máš rád/a.",Udržiavať spojenie bez ohľadu na okolnosti,
55,Dôstojnosť,"Uznať svoje hodnoty a to, že si zaslúžiš svoje miesto na svete.","Prehodnotiť svoje hranice a nenechať druhých ľudí, aby ich prekročili.",Rešpektovať hranice iných.,Umožňuje mi stanoviť si a chrániť svoje hranice,
56,Starostlivosť,"Uvedomiť si, na čom ti záleží a na čo vynakladáš svoju energiu a čas.","Začleň do svojho života niečo, o čo sa môžeš starať.",Uvedomiť si svoje potreby a postarať sa o ne.,"Umožňuje mi využiť energiu na podporu ostatných. Ukazuje mi, s kým a čím som v živote spojený/á",
57,Optimizmus,"Uveriť, že aj keď sa ti môžu stať zlé veci väčšinou sa ti stanú tie dobré.",Začni svoj deň s pozitívnymi afirmáciami.,"Uvedomiť si, v akých situáciách v minulosti ti optimizmus pomohol.","Žiť tak, že sa stále teším na dobré veci, ktoré ku mne prichádzajú",
58,Súcit,"Byť s druhým človekom prítomný v jeho bolesti, ale nepreberať jeho emócie na seba.",Uvedomiť si rozdiel medzi ľútosťou a súcitom.,"Všímať si, s kým súcitíš alebo kedy cítiš súcit. Súcítiš aj so sebou?","Umožňuje mi byť spojený/á s druhými a rozumieť ich emóciám bez toho, aby som ich bral/a ako svoje",
59,Nadšenie,Zadefinovať si svoju víziu alebo misiu.,Vybudovať si nový zvyk.,"Zamyslieť sa, čo v tebe vyvoláva pocit nadšenia, čo ťa inšpiruje, a na čom si ochotný/á pracovať.","Umožňuje mi spojiť sa so záujmami väčšími, ako som ja a pomáha mi realizovať ich.",
60,Ašpirácia,"Definovať si jasné a dosiahnuteľné ciele, ktoré ťa budú inšpirovať a podnecovať k rastu.","Uvedomiť si možnosti, ktoré máš na svoj rast.","Skúšať veci, ktoré si predtým nerobil/a.",Rásť,